headersMSI,MSI GeForce RTX 2060 DirectX 12 RTX 2060 VENTUS XS 6G OC Video Card,Free Shipping
GIGABYTE,GIGABYTE GeForce GTX 1660 OC 6G Graphics Card| 2 x WINDFORCE Fans| 6GB 192-Bit GDDR5| GV-N1660OC-6GD Video Card,Free Shipping
ASUS,ASUS ROG Strix Radeon RX 5700 XT ROG-STRIX-RX5700XT-O8G-GAMING Video Card,Free Shipping
GIGABYTE,GIGABYTE GeForce GTX 1660 SUPER DirectX 12 GV-N166SGAMING-6GD Video Card,Free Shipping
MSI,MSI GeForce GTX 1660 SUPER DirectX 12 GTX 1660 SUPER VENTUS XS OC Video Card,Free Shipping
ASUS,ASUS ROG STRIX GeForce RTX 2060 DirectX 12 ROG-STRIX-RTX2060-O6G-EVO-GAMING Video Card,$4.99 Shipping
EVGA,EVGA GeForce RTX 2060 KO ULTRA GAMING Video Card| 06G-P4-2068-KR| 6GB GDDR6| Dual Fans| Metal Backplate,$3.99 Shipping
ASRock,ASRock Radeon RX 5700 XT DirectX 12 RX 5700 XT TAICHI X 8G OC+ Video Card,$3.99 Shipping
EVGA,EVGA GeForce RTX 2070 SUPER XC ULTRA GAMING| 08G-P4-3173-KR,Free Shipping
XFX,XFX Radeon RX 5600 XT RX-56XT6DF46 Video Card THICC II PRO-14GBPS 6GB BOOST UP TO 1620M D6  3xDP HDMI,Free Shipping
Sapphire Tech,SAPPHIRE PULSE Radeon RX 5600 XT DirectX 12 11296-01-20G Video Card,Free Shipping
ASRock,ASRock Phantom Gaming D Radeon RX 5700 XT 8G OC Video Card| RX5700XT PGD 8GO,Free Shipping
